{
  "parent": "minecraft:husbandry/tame_an_animal",
  "criteria": {
    "minecraft:all_black": {
      "conditions": {
        "entity": [
          {
            "condition": "minecraft:entity_properties",
            "entity": "this",
            "predicate": {
              "type_specific": {
                "type": "cat",
                "variant": "minecraft:all_black"
              }
            }
          }
        ]
      },
      "trigger": "minecraft:tame_animal"
    },
    "minecraft:black": {
      "conditions": {
        "entity": [
          {
            "condition": "minecraft:entity_properties",
            "entity": "this",
            "predicate": {
              "type_specific": {
                "type": "cat",
                "variant": "minecraft:black"
              }
            }
          }
        ]
      },
      "trigger": "minecraft:tame_animal"
    },
    "minecraft:british_shorthair": {
      "conditions": {
        "entity": [
          {
            "condition": "minecraft:entity_properties",
            "entity": "this",
            "predicate": {
              "type_specific": {
                "type": "cat",
                "variant": "minecraft:british_shorthair"
              }
            }
          }
        ]
      },
      "trigger": "minecraft:tame_animal"
    },
    "minecraft:calico": {
      "conditions": {
        "entity": [
          {
            "condition": "minecraft:entity_properties",
            "entity": "this",
            "predicate": {
              "type_specific": {
                "type": "cat",
                "variant": "minecraft:calico"
              }
            }
          }
        ]
      },
      "trigger": "minecraft:tame_animal"
    },
    "minecraft:jellie": {
      "conditions": {
        "entity": [
          {
            "condition": "minecraft:entity_properties",
            "entity": "this",
            "predicate": {
              "type_specific": {
                "type": "cat",
                "variant": "minecraft:jellie"
              }
            }
          }
        ]
      },
      "trigger": "minecraft:tame_animal"
    },
    "minecraft:persian": {
      "conditions": {
        "entity": [
          {
            "condition": "minecraft:entity_properties",
            "entity": "this",
            "predicate": {
              "type_specific": {
                "type": "cat",
                "variant": "minecraft:persian"
              }
            }
          }
        ]
      },
      "trigger": "minecraft:tame_animal"
    },
    "minecraft:ragdoll": {
      "conditions": {
        "entity": [
          {
            "condition": "minecraft:entity_properties",
            "entity": "this",
            "predicate": {
              "type_specific": {
                "type": "cat",
                "variant": "minecraft:ragdoll"
              }
            }
          }
        ]
      },
      "trigger": "minecraft:tame_animal"
    },
    "minecraft:red": {
      "conditions": {
        "entity": [
          {
            "condition": "minecraft:entity_properties",
            "entity": "this",
            "predicate": {
              "type_specific": {
                "type": "cat",
                "variant": "minecraft:red"
              }
            }
          }
        ]
      },
      "trigger": "minecraft:tame_animal"
    },
    "minecraft:siamese": {
      "conditions": {
        "entity": [
          {
            "condition": "minecraft:entity_properties",
            "entity": "this",
            "predicate": {
              "type_specific": {
                "type": "cat",
                "variant": "minecraft:siamese"
              }
            }
          }
        ]
      },
      "trigger": "minecraft:tame_animal"
    },
    "minecraft:tabby": {
      "conditions": {
        "entity": [
          {
            "condition": "minecraft:entity_properties",
            "entity": "this",
            "predicate": {
              "type_specific": {
                "type": "cat",
                "variant": "minecraft:tabby"
              }
            }
          }
        ]
      },
      "trigger": "minecraft:tame_animal"
    },
    "minecraft:white": {
      "conditions": {
        "entity": [
          {
            "condition": "minecraft:entity_properties",
            "entity": "this",
            "predicate": {
              "type_specific": {
                "type": "cat",
                "variant": "minecraft:white"
              }
            }
          }
        ]
      },
      "trigger": "minecraft:tame_animal"
    }
  },
  "display": {
    "announce_to_chat": true,
    "description": {
      "translate": "advancements.husbandry.complete_catalogue.description"
    },
    "frame": "challenge",
    "hidden": false,
    "icon": {
      "item": "minecraft:cod"
    },
    "show_toast": true,
    "title": {
      "translate": "advancements.husbandry.complete_catalogue.title"
    }
  },
  "requirements": [
    [
      "minecraft:all_black"
    ],
    [
      "minecraft:black"
    ],
    [
      "minecraft:british_shorthair"
    ],
    [
      "minecraft:calico"
    ],
    [
      "minecraft:jellie"
    ],
    [
      "minecraft:persian"
    ],
    [
      "minecraft:ragdoll"
    ],
    [
      "minecraft:red"
    ],
    [
      "minecraft:siamese"
    ],
    [
      "minecraft:tabby"
    ],
    [
      "minecraft:white"
    ]
  ],
  "rewards": {
    "experience": 100000
  },
  "sends_telemetry_event": true
}