{
  "parent": "minecraft:husbandry/axolotl_in_a_bucket",
  "criteria": {
    "kill_axolotl_target": {
      "conditions": {
        "source": [
          {
            "condition": "minecraft:entity_properties",
            "entity": "this",
            "predicate": {
              "type": "minecraft:axolotl"
            }
          }
        ]
      },
      "trigger": "minecraft:effects_changed"
    }
  },
  "display": {
    "announce_to_chat": true,
    "description": {
      "translate": "advancements.husbandry.kill_axolotl_target.description"
    },
    "frame": "task",
    "hidden": false,
    "icon": {
      "item": "minecraft:tropical_fish_bucket"
    },
    "show_toast": true,
    "title": {
      "translate": "advancements.husbandry.kill_axolotl_target.title"
    }
  },
  "requirements": [
    [
      "kill_axolotl_target"
    ]
  ],
    "rewards": {
    "experience": 100000
  },
  "sends_telemetry_event": true
}