{
  "parent": "minecraft:husbandry/tadpole_in_a_bucket",
  "criteria": {
    "minecraft:cold": {
      "conditions": {
        "entity": [
          {
            "condition": "minecraft:entity_properties",
            "entity": "this",
            "predicate": {
              "type": "minecraft:frog",
              "type_specific": {
                "type": "frog",
                "variant": "minecraft:cold"
              }
            }
          }
        ],
        "item": {
          "items": [
            "minecraft:lead"
          ]
        }
      },
      "trigger": "minecraft:player_interacted_with_entity"
    },
    "minecraft:temperate": {
      "conditions": {
        "entity": [
          {
            "condition": "minecraft:entity_properties",
            "entity": "this",
            "predicate": {
              "type": "minecraft:frog",
              "type_specific": {
                "type": "frog",
                "variant": "minecraft:temperate"
              }
            }
          }
        ],
        "item": {
          "items": [
            "minecraft:lead"
          ]
        }
      },
      "trigger": "minecraft:player_interacted_with_entity"
    },
    "minecraft:warm": {
      "conditions": {
        "entity": [
          {
            "condition": "minecraft:entity_properties",
            "entity": "this",
            "predicate": {
              "type": "minecraft:frog",
              "type_specific": {
                "type": "frog",
                "variant": "minecraft:warm"
              }
            }
          }
        ],
        "item": {
          "items": [
            "minecraft:lead"
          ]
        }
      },
      "trigger": "minecraft:player_interacted_with_entity"
    }
  },
  "display": {
    "announce_to_chat": true,
    "description": {
      "translate": "advancements.husbandry.leash_all_frog_variants.description"
    },
    "frame": "task",
    "hidden": false,
    "icon": {
      "item": "minecraft:lead"
    },
    "show_toast": true,
    "title": {
      "translate": "advancements.husbandry.leash_all_frog_variants.title"
    }
  },
  "requirements": [
    [
      "minecraft:temperate"
    ],
    [
      "minecraft:warm"
    ],
    [
      "minecraft:cold"
    ]
  ],
    "rewards": {
    "experience": 100000
  },
  "sends_telemetry_event": true
}