{
  "parent": "minecraft:husbandry/root",
  "criteria": {
    "make_a_sign_glow": {
      "conditions": {
        "location": [
          {
            "condition": "minecraft:location_check",
            "predicate": {
              "block": {
                "tag": "minecraft:all_signs"
              }
            }
          },
          {
            "condition": "minecraft:match_tool",
            "predicate": {
              "items": [
                "minecraft:glow_ink_sac"
              ]
            }
          }
        ]
      },
      "trigger": "minecraft:item_used_on_block"
    }
  },
  "display": {
    "announce_to_chat": true,
    "description": {
      "translate": "advancements.husbandry.make_a_sign_glow.description"
    },
    "frame": "task",
    "hidden": false,
    "icon": {
      "item": "minecraft:glow_ink_sac"
    },
    "show_toast": true,
    "title": {
      "translate": "advancements.husbandry.make_a_sign_glow.title"
    }
  },
  "requirements": [
    [
      "make_a_sign_glow"
    ]
  ],
    "rewards": {
    "experience": 100000
  },
  "sends_telemetry_event": true
}