{
  "parent": "minecraft:husbandry/root",
  "criteria": {
    "obtain_sniffer_egg": {
      "conditions": {
        "items": [
          {
            "items": [
              "minecraft:sniffer_egg"
            ]
          }
        ]
      },
      "trigger": "minecraft:inventory_changed"
    }
  },
  "display": {
    "announce_to_chat": true,
    "description": {
      "translate": "advancements.husbandry.obtain_sniffer_egg.description"
    },
    "frame": "task",
    "hidden": true,
    "icon": {
      "item": "minecraft:sniffer_egg"
    },
    "show_toast": true,
    "title": {
      "translate": "advancements.husbandry.obtain_sniffer_egg.title"
    }
  },
  "requirements": [
    [
      "obtain_sniffer_egg"
    ]
  ],
    "rewards": {
    "experience": 100000
  },
  "sends_telemetry_event": true
}