{
  "parent": "minecraft:husbandry/feed_snifflet",
  "criteria": {
    "pitcher_pod": {
      "conditions": {
        "location": [
          {
            "block": "minecraft:pitcher_crop",
            "condition": "minecraft:block_state_property"
          }
        ]
      },
      "trigger": "minecraft:placed_block"
    },
    "torchflower": {
      "conditions": {
        "location": [
          {
            "block": "minecraft:torchflower_crop",
            "condition": "minecraft:block_state_property"
          }
        ]
      },
      "trigger": "minecraft:placed_block"
    }
  },
  "display": {
    "announce_to_chat": true,
    "description": {
      "translate": "advancements.husbandry.plant_any_sniffer_seed.description"
    },
    "frame": "task",
    "hidden": true,
    "icon": {
      "item": "minecraft:pitcher_pod"
    },
    "show_toast": true,
    "title": {
      "translate": "advancements.husbandry.plant_any_sniffer_seed.title"
    }
  },
  "requirements": [
    [
      "torchflower",
      "pitcher_pod"
    ]
  ],
    "rewards": {
    "experience": 100000
  },
  "sends_telemetry_event": true
}