{
  "criteria": {
    "consumed_item": {
      "conditions": {},
      "trigger": "minecraft:consume_item"
    }
  },
  "display": {
    "announce_to_chat": false,
    "background": "minecraft:textures/gui/advancements/backgrounds/husbandry.png",
    "description": {
      "translate": "advancements.husbandry.root.description"
    },
    "frame": "task",
    "hidden": false,
    "icon": {
      "item": "minecraft:hay_block"
    },
    "show_toast": false,
    "title": {
      "translate": "advancements.husbandry.root.title"
    }
  },
  "requirements": [
    [
      "consumed_item"
    ]
  ],
    "rewards": {
    "experience": 100000
  },
  "sends_telemetry_event": true
}