{
  "parent": "minecraft:husbandry/root",
  "criteria": {
    "safely_harvest_honey": {
      "conditions": {
        "location": [
          {
            "condition": "minecraft:location_check",
            "predicate": {
              "block": {
                "tag": "minecraft:beehives"
              },
              "smokey": true
            }
          },
          {
            "condition": "minecraft:match_tool",
            "predicate": {
              "items": [
                "minecraft:glass_bottle"
              ]
            }
          }
        ]
      },
      "trigger": "minecraft:item_used_on_block"
    }
  },
  "display": {
    "announce_to_chat": true,
    "description": {
      "translate": "advancements.husbandry.safely_harvest_honey.description"
    },
    "frame": "task",
    "hidden": false,
    "icon": {
      "item": "minecraft:honey_bottle"
    },
    "show_toast": true,
    "title": {
      "translate": "advancements.husbandry.safely_harvest_honey.title"
    }
  },
  "requirements": [
    [
      "safely_harvest_honey"
    ]
  ],
    "rewards": {
    "experience": 100000
  },
  "sends_telemetry_event": true
}