{
  "parent": "minecraft:story/obtain_armor",
  "criteria": {
    "deflected_projectile": {
      "conditions": {
        "damage": {
          "type": {
            "tags": [
              {
                "expected": true,
                "id": "minecraft:is_projectile"
              }
            ]
          },
          "blocked": true
        }
      },
      "trigger": "minecraft:entity_hurt_player"
    }
  },
  "display": {
    "announce_to_chat": true,
    "description": {
      "translate": "advancements.story.deflect_arrow.description"
    },
    "frame": "task",
    "hidden": false,
    "icon": {
      "item": "minecraft:shield",
      "nbt": "{Damage:0}"
    },
    "show_toast": true,
    "title": {
      "translate": "advancements.story.deflect_arrow.title"
    }
  },
  "requirements": [
    [
      "deflected_projectile"
    ]
  ],
    "rewards": {
    "experience": 100000
  },
  "sends_telemetry_event": true
}