{
  "parent": "minecraft:story/upgrade_tools",
  "criteria": {
    "iron": {
      "conditions": {
        "items": [
          {
            "items": [
              "minecraft:iron_ingot"
            ]
          }
        ]
      },
      "trigger": "minecraft:inventory_changed"
    }
  },
  "display": {
    "announce_to_chat": true,
    "description": {
      "translate": "advancements.story.smelt_iron.description"
    },
    "frame": "task",
    "hidden": false,
    "icon": {
      "item": "minecraft:iron_ingot"
    },
    "show_toast": true,
    "title": {
      "translate": "advancements.story.smelt_iron.title"
    }
  },
  "requirements": [
    [
      "iron"
    ]
  ],
    "rewards": {
    "experience": 100000
  },
  "sends_telemetry_event": true
}