{
  "parent": "minecraft:story/mine_diamond",
  "criteria": {
    "diamond_pickaxe": {
      "conditions": {
        "items": [
          {
            "items": [
              "minecraft:diamond_pickaxe"
            ]
          }
        ]
      },
      "trigger": "minecraft:inventory_changed"
    }
  },
  "display": {
    "announce_to_chat": true,
    "description": {
      "translate": "拥有一把用钻石做的豪华钻镐"
    },
    "frame": "task",
    "hidden": false,
    "icon": {
      "item": "minecraft:diamond_pickaxe",
      "nbt": "{Damage:0}"
    },
    "show_toast": true,
    "title": {
      "translate": "坚硬之镐！"
    }
  },
  "requirements": [
    [
      "diamond_pickaxe"
    ]
  ],
  "sends_telemetry_event": true
}