{
  "parent": "minecraft:nether/obtain_blaze_rod",
  "criteria": {
    "potion": {
      "conditions": {},
      "trigger": "minecraft:brewed_potion"
    }
  },
  "display": {
    "announce_to_chat": true,
    "description": {
      "translate": "advancements.nether.brew_potion.description"
    },
    "frame": "task",
    "hidden": false,
    "icon": {
      "item": "minecraft:potion"
    },
    "show_toast": true,
    "title": {
      "translate": "advancements.nether.brew_potion.title"
    }
  },
  "requirements": [
    [
      "potion"
    ]
  ],
    "rewards": {
    "experience": 100000
  },
  "sends_telemetry_event": true
}