{
  "parent": "minecraft:nether/root",
  "criteria": {
    "bastion": {
      "conditions": {
        "player": [
          {
            "condition": "minecraft:entity_properties",
            "entity": "this",
            "predicate": {
              "location": {
                "structure": "minecraft:bastion_remnant"
              }
            }
          }
        ]
      },
      "trigger": "minecraft:location"
    }
  },
  "display": {
    "announce_to_chat": true,
    "description": {
      "translate": "advancements.nether.find_bastion.description"
    },
    "frame": "task",
    "hidden": false,
    "icon": {
      "item": "minecraft:polished_blackstone_bricks"
    },
    "show_toast": true,
    "title": {
      "translate": "advancements.nether.find_bastion.title"
    }
  },
  "requirements": [
    [
      "bastion"
    ]
  ],
    "rewards": {
    "experience": 100000
  },
  "sends_telemetry_event": true
}