{
  "parent": "minecraft:nether/obtain_ancient_debris",
  "criteria": {
    "netherite_armor": {
      "conditions": {
        "items": [
          {
            "items": [
              "minecraft:netherite_helmet"
            ]
          },
          {
            "items": [
              "minecraft:netherite_chestplate"
            ]
          },
          {
            "items": [
              "minecraft:netherite_leggings"
            ]
          },
          {
            "items": [
              "minecraft:netherite_boots"
            ]
          }
        ]
      },
      "trigger": "minecraft:inventory_changed"
    }
  },
  "display": {
    "announce_to_chat": true,
    "description": {
      "translate": "advancements.nether.netherite_armor.description"
    },
    "frame": "challenge",
    "hidden": false,
    "icon": {
      "item": "minecraft:netherite_chestplate",
      "nbt": "{Damage:0}"
    },
    "show_toast": true,
    "title": {
      "translate": "advancements.nether.netherite_armor.title"
    }
  },
  "requirements": [
    [
      "netherite_armor"
    ]
  ],
  "rewards": {
    "experience": 100000
  },
  "sends_telemetry_event": true
}