{
  "parent": "minecraft:end/kill_dragon",
  "criteria": {
    "dragon_breath": {
      "conditions": {
        "items": [
          {
            "items": [
              "minecraft:dragon_breath"
            ]
          }
        ]
      },
      "trigger": "minecraft:inventory_changed"
    }
  },
  "display": {
    "announce_to_chat": true,
    "description": {
      "translate": "advancements.end.dragon_breath.description"
    },
    "frame": "goal",
    "hidden": false,
    "icon": {
      "item": "minecraft:dragon_breath"
    },
    "show_toast": true,
    "title": {
      "translate": "advancements.end.dragon_breath.title"
    }
  },
  "requirements": [
    [
      "dragon_breath"
    ]
  ],
    "rewards": {
    "experience": 100000
  },
  "sends_telemetry_event": true
}