{
  "parent": "minecraft:end/kill_dragon",
  "criteria": {
    "entered_end_gateway": {
      "conditions": {
        "block": "minecraft:end_gateway"
      },
      "trigger": "minecraft:enter_block"
    }
  },
  "display": {
    "announce_to_chat": true,
    "description": {
      "translate": "advancements.end.enter_end_gateway.description"
    },
    "frame": "task",
    "hidden": false,
    "icon": {
      "item": "minecraft:ender_pearl"
    },
    "show_toast": true,
    "title": {
      "translate": "advancements.end.enter_end_gateway.title"
    }
  },
  "requirements": [
    [
      "entered_end_gateway"
    ]
  ],
    "rewards": {
    "experience": 100000
  },
  "sends_telemetry_event": true
}