{
  "parent": "minecraft:story/diamond_tools",
  "criteria": {
    "netherite_pickaxe": {
      "conditions": {
        "items": [
          {
            "items": [
              "minecraft:netherite_pickaxe"
            ]
          }
        ]
      },
      "trigger": "minecraft:inventory_changed"
    }
  },
  "display": {
    "announce_to_chat": true,
    "description": {
      "translate": "拥有一把用下界合金做的镐子"
    },
    "frame": "goal",
    "hidden": false,
    "icon": {
      "item": "minecraft:netherite_pickaxe"
    },
    "show_toast": true,
    "title": {
      "translate": "我的审镐！"
    }
  },
  "requirements": [
    [
      "netherite_pickaxe"
    ]
  ],
  "reward":{
    "experience": 100
  },
  "sends_telemetry_event": true
}