{
  "parent": "minecraft:story/iron_tools",
  "criteria": {
    "gold": {
      "conditions": {
        "items": [
          {
            "items": [
              "minecraft:gold_ingot"
            ]
          }
        ]
      },
      "trigger": "minecraft:inventory_changed"
    }
  },
  "display": {
    "announce_to_chat": true,
    "description": {
      "translate": "冶炼一块金锭"
    },
    "frame": "task",
    "hidden": false,
    "icon": {
      "item": "minecraft:gold_ingot"
    },
    "show_toast": true,
    "title": {
      "translate": "小黄金！"
    }
  },
  "requirements": [
    [
      "gold"
    ]
  ],
  "sends_telemetry_event": true
}