{
  "parent": "minecraft:adventure/ol_betsy",
  "criteria": {
    "arbalistic": {
      "conditions": {
        "unique_entity_types": 5
      },
      "trigger": "minecraft:killed_by_crossbow"
    }
  },
  "display": {
    "announce_to_chat": true,
    "description": {
      "translate": "advancements.adventure.arbalistic.description"
    },
    "frame": "challenge",
    "hidden": true,
    "icon": {
      "item": "minecraft:crossbow",
      "nbt": "{Damage:0}"
    },
    "show_toast": true,
    "title": {
      "translate": "advancements.adventure.arbalistic.title"
    }
  },
  "requirements": [
    [
      "arbalistic"
    ]
  ],
  "rewards": {
    "experience": 100000
  },
  "sends_telemetry_event": true
}