{
  "parent": "minecraft:adventure/root",
  "criteria": {
    "slept_in_bed": {
      "conditions": {},
      "trigger": "minecraft:slept_in_bed"
    }
  },
  "display": {
    "announce_to_chat": true,
    "description": {
      "translate": "advancements.adventure.sleep_in_bed.description"
    },
    "frame": "task",
    "hidden": false,
    "icon": {
      "item": "minecraft:red_bed"
    },
    "show_toast": true,
    "title": {
      "translate": "advancements.adventure.sleep_in_bed.title"
    }
  },
  "requirements": [
    [
      "slept_in_bed"
    ]
  ],
    "rewards": {
    "experience": 100000
  },
  "sends_telemetry_event": true
}