{
  "parent": "minecraft:adventure/root",
  "criteria": {
    "traded": {
      "conditions": {},
      "trigger": "minecraft:villager_trade"
    }
  },
  "display": {
    "announce_to_chat": true,
    "description": {
      "translate": "advancements.adventure.trade.description"
    },
    "frame": "task",
    "hidden": false,
    "icon": {
      "item": "minecraft:emerald"
    },
    "show_toast": true,
    "title": {
      "translate": "advancements.adventure.trade.title"
    }
  },
  "requirements": [
    [
      "traded"
    ]
  ],
    "rewards": {
    "experience": 100000
  },
  "sends_telemetry_event": true
}