{
  "parent": "minecraft:adventure/ol_betsy",
  "criteria": {
    "kill_pillager": {
      "conditions": {
        "victims": [
          [
            {
              "condition": "minecraft:entity_properties",
              "entity": "this",
              "predicate": {
                "type": "minecraft:pillager"
              }
            }
          ]
        ]
      },
      "trigger": "minecraft:killed_by_crossbow"
    }
  },
  "display": {
    "announce_to_chat": true,
    "description": {
      "translate": "advancements.adventure.whos_the_pillager_now.description"
    },
    "frame": "task",
    "hidden": false,
    "icon": {
      "item": "minecraft:crossbow",
      "nbt": "{Damage:0}"
    },
    "show_toast": true,
    "title": {
      "translate": "advancements.adventure.whos_the_pillager_now.title"
    }
  },
  "requirements": [
    [
      "kill_pillager"
    ]
  ],
    "rewards": {
    "experience": 100000
  },
  "sends_telemetry_event": true
}